Furutoppen A01;Road
Furutoppen A02;Road
Furutoppen A03;Road
Furutoppen A04;Road
Furutoppen A05;Road
Furutoppen A06;Road
Furutoppen A07;Road
Furutoppen A08;Road
Furutoppen A09;Road
Furutoppen A10;Road
Furutoppen A11;Road
Furutoppen A12;Road
Furutoppen A13;Road
Furutoppen A14;Road
Furutoppen A15;Road
Furutoppen A16;Road
Furutoppen A17;Road
Furutoppen A18;Road
Furutoppen A19;Road
Furutoppen A20;Road
Furutoppen A21;Road
Furutoppen A22;Road
Furutoppen A23;Road
Furutoppen A24;Road
Furutoppen A25;Road
Furutoppen A26;Road
Furutoppen A27;Road
Furutoppen A28;Road
Furutoppen A29;Road
EMPTY;EMPTY
EMPTY;EMPTY
Toilets ;EMPTY
Shower;EMPTY
