Fjellterrassen A30;Road;Fjellterrassen B01
Fjellterrassen A29;Road;Fjellterrassen B02
Fjellterrassen A28;Road;Fjellterrassen B03
Fjellterrassen A27;Road;Fjellterrassen B04
Fjellterrassen A26;Road;Fjellterrassen B05
Fjellterrassen A25;Road;Fjellterrassen B06
Fjellterrassen A24;Road;Fjellterrassen B07
Fjellterrassen A23;Road;Fjellterrassen B08
Fjellterrassen A22;Road;Fjellterrassen B09
Fjellterrassen A21;Road;Fjellterrassen B10
Fjellterrassen A20;Road;Fjellterrassen B11
Fjellterrassen A19;Road;Fjellterrassen B12
Fjellterrassen A18;Road;Fjellterrassen B13
Fjellterrassen A17;Road;Fjellterrassen B14
Fjellterrassen A16;Road;Fjellterrassen B15
Fjellterrassen A15;Road;Fjellterrassen B16
Fjellterrassen A14;Road;Fjellterrassen B17
Fjellterrassen A13;Road;Fjellterrassen B18
Fjellterrassen A12;Road;Fjellterrassen B19
Fjellterrassen A11;Road;Fjellterrassen B20
Fjellterrassen A10;Road;Fjellterrassen B21
Fjellterrassen A9;Road;Fjellterrassen B22
Fjellterrassen A8;Road;Fjellterrassen B23
Fjellterrassen A7;Road;Fjellterrassen B24
Fjellterrassen A6;Road;Fjellterrassen B25
Fjellterrassen A5;Road;Fjellterrassen B26
Fjellterrassen A4;Road;EMPTY
Fjellterrassen A3;Road;EMPTY
Fjellterrassen A2;Road;EMPTY
Fjellterrassen A1;Road;Fjellterrassen D01
Fjellterrassen C27;Road;Fjellterrassen D02
Fjellterrassen C26;Road;Fjellterrassen D03
Fjellterrassen C25;Road;Fjellterrassen D04
Fjellterrassen C24;Road;Fjellterrassen D05
Fjellterrassen C23;Road;Fjellterrassen D06
Fjellterrassen C22;Road;Fjellterrassen D07
Fjellterrassen C21;Road;Fjellterrassen D08
Fjellterrassen C20;Road;Fjellterrassen D09
Fjellterrassen C19;Road;Fjellterrassen D10
Fjellterrassen C18;Road;Fjellterrassen D11
Fjellterrassen C17;Road;Fjellterrassen D12
Fjellterrassen C16;Road;Fjellterrassen D13
Fjellterrassen C15;Road;Fjellterrassen D14
Fjellterrassen C14;Road;Fjellterrassen D15
Fjellterrassen C13;Road;Fjellterrassen D16
Fjellterrassen C12;Road;Fjellterrassen D17
Fjellterrassen C11;Road;Fjellterrassen D18
Fjellterrassen C10;Road;Fjellterrassen D19
Fjellterrassen C9;Road;Fjellterrassen D20
Fjellterrassen C8;Road;Fjellterrassen D21
Fjellterrassen C7;Road;Fjellterrassen D22
Fjellterrassen C6;Road;Fjellterrassen D23
Fjellterrassen C5;Road;Fjellterrassen D24
Fjellterrassen C4;Road;Fjellterrassen D25
Fjellterrassen C3;Road;Fjellterrassen D26
Fjellterrassen C2;Road;Fjellterrassen D27
Fjellterrassen C1;Road;Fjellterrassen D28
EMPTY;Road;Fjellterrassen D29
EMPTY;Road;Fjellterrassen D30
EMPTY;Road;Fjellterrassen D31
EMPTY;Road;Fjellterrassen D32
EMPTY;Road;Fjellterrassen D33
EMPTY;Road;Fjellterrassen D34
EMPTY;Road;Fjellterrassen D35
EMPTY;Road;Fjellterrassen D36
EMPTY;Road;Fjellterrassen D37
EMPTY;Road;Fjellterrassen D38
EMPTY;Road;Fjellterrassen D39
EMPTY;Road;Fjellterrassen D40
